"FIPS"	"State"	"ViolCrimeRt"	"Income"	"UnempRt"	"PovertyRt"	"UnderHSRt"	"PopDensity"	"MariLeg"	"Party"	"SupMajWhite"
1003	"1"	102.28325581822	56813	0.0235562310030395	0.0893105415852963	0.0981559627724146	137.138543347862	"Medicinal"	"Rep"	"1"
1015	"1"	12.2509341337277	45818	0.0805656340124663	0.199991038489687	0.153097054514222	188.617138834116	"Medicinal"	"Rep"	"1"
1043	"1"	62.3187363677764	44612	0.0431025285394217	0.134830526096902	0.17538023628663	113.56042357311	"Medicinal"	"Dem"	"1"
1049	"1"	158.29656090215	36998	0.0322833616520716	0.219906012772623	0.2425003633042	91.8609101945684	"Medicinal"	"Dem"	"1"
1051	"1"	83.0412641811277	60796	0.0526155717761557	0.105026415734867	0.131882450301974	132.407566699152	"Medicinal"	"Dem"	"1"
1055	"1"	96.5844235665994	45868	0.0516552879041608	0.156777840214194	0.118552873096162	191.489764274455	"Medicinal"	"Rep"	"1"
1069	"1"	115.544011764481	48105	0.0596382255424518	0.157522642861797	0.135907132665642	180.595861131142	"Medicinal"	"Dem"	"1"
1073	"1"	110.57181859548	55206	0.0673192281736609	0.15214105665698	0.095095845973761	593.225528987447	"Medicinal"	"Dem"	"0"
1081	"1"	254.359800172013	46456	0.0576114812916453	0.220353871251098	0.0803457139053588	269.839224667566	"Medicinal"	"Rep"	"1"
1089	"1"	106.406489158816	63111	0.0524844870140648	0.114340867769523	0.0807410397669706	457.243777396869	"Medicinal"	"Rep"	"1"
1095	"1"	92.6031901278756	47528	0.0444313494401886	0.178086157297679	0.173298502588982	169.850384022755	"Medicinal"	"Dem"	"1"
1097	"1"	35.5280998267099	43061	0.0558754872382127	0.191810204744881	0.142157160140037	336.560248088987	"Medicinal"	"Rep"	"0"
1101	"1"	49.1666039164965	49989	0.0652021545226734	0.166231975297539	0.138142940212507	287.486185505222	"Medicinal"	"Dem"	"0"
1115	"1"	249.182545946555	56602	0.0384749217080082	0.10740261995254	0.14270962745446	140.420416875293	"Medicinal"	"Dem"	"1"
1121	"1"	115.247782732876	40315	0.0854056841622737	0.193666789740026	0.187116836961351	108.346817714841	"Medicinal"	"Rep"	"0"
1125	"1"	94.2985290386815	54459	0.0411741318619513	0.173233446486402	0.0969294821753838	158.162974440356	"Medicinal"	"Dem"	"0"
4003	"4"	39.4415082432752	50495	0.0611471861471861	0.140422821815245	0.12573389937675	20.5642778073251	"Medicinal"	"Rep"	"1"
4005	"4"	77.0016940372688	61843	0.0576518602092126	0.179158185519046	0.106206226372611	7.6726193994432	"Medicinal"	"Dem"	"0"
4015	"4"	71.1047482701026	46060	0.0988138369149834	0.17973127954573	0.129367345288523	15.7425397303876	"Medicinal"	"Rep"	"1"
4017	"4"	44.3659740142152	40463	0.143563961375788	0.288271867813645	0.16311692636428	11.1001231927492	"Medicinal"	"Rep"	"0"
4019	"4"	59.5723303367521	53464	0.0565223710162981	0.167512963654657	0.117083588511487	113.099794576836	"Medicinal"	"Dem"	"1"
4021	"4"	47.4126556007318	59058	0.0722015903032512	0.120432976297904	0.134686890195558	83.3304908719726	"Medicinal"	"Rep"	"1"
4025	"4"	102.58930226343	48148	0.0734131179430795	0.147021017595533	0.103665126697466	28.5582179450295	"Medicinal"	"Rep"	"1"
4027	"4"	67.8835420123699	43403	0.0759229049604253	0.170052126974607	0.24438062954712	38.4709791079628	"Medicinal"	"Rep"	"1"
5007	"5"	49.888484563916	67164	0.0268056961213348	0.0742698243158631	0.112637838139639	321.639325300086	"Medicinal"	"Rep"	"1"
5031	"5"	51.5853276589473	44810	0.0593809821648566	0.181594937505903	0.113588110403397	153.484896052017	"Medicinal"	"Dem"	"1"
5045	"5"	64.9007259266381	51437	0.0328423932080129	0.18899242865463	0.0833733563519776	192.619939608139	"Medicinal"	"Rep"	"1"
5051	"5"	355.003328156201	42779	0.0339684780051753	0.200028807028915	0.0939965310804006	146.304950356795	"Medicinal"	"Dem"	"1"
5069	"5"	98.3645065625275	35652	0.0865016096887935	0.156126762561353	0.107738275667951	78.2935937728648	"Medicinal"	"Rep"	"0"
5085	"5"	105.896248829032	53782	0.0432100604940847	0.146202234111616	0.130072205837486	95.5464598029978	"Medicinal"	"Dem"	"1"
5119	"5"	87.857797697871	49613	0.0428954014869322	0.142899189343738	0.103166957898353	517.423221747854	"Medicinal"	"Dem"	"0"
5125	"5"	158.951087538399	63084	0.0244308260024381	0.0932810007200441	0.0885654786126338	167.81363736068	"Medicinal"	"Dem"	"1"
5131	"5"	41.4863056053478	46826	0.0350107638270666	0.144909505225386	0.153470469900113	240.184623473277	"Medicinal"	"Dem"	"1"
5143	"5"	72.1637737855597	50342	0.0350047699543089	0.169955307339041	0.140747411076092	251.547325365703	"Medicinal"	"Rep"	"1"
5145	"5"	241.340327968804	42270	0.0544736605940949	0.167676229781002	0.142525773195876	76.0586513951075	"Medicinal"	"Dem"	"1"
6001	"6"	40.1979177478607	102125	0.0403997355969942	0.0856411118968653	0.104721279689772	2260.61735374337	"Recreational"	"Dem"	"0"
6007	"6"	141.401736603591	51652	0.0728055895963273	0.214333692048795	0.0905684315161662	141.313909647563	"Recreational"	"Rep"	"1"
6013	"6"	26.0820803067253	101618	0.0464614622875062	0.0751638386056892	0.0974530499792365	1604.02222495695	"Recreational"	"Dem"	"0"
6017	"6"	125.342199939164	82742	0.0439019132309351	0.0792664865495606	0.0533461050933395	111.64849936978	"Recreational"	"Rep"	"1"
6019	"6"	154.263877715205	52629	0.0809713637048927	0.189139176909638	0.233267250730622	166.898875592073	"Recreational"	"Rep"	"0"
6023	"6"	175.987915496469	50294	0.0942621794690964	0.235818214478175	0.0893475984324225	38.2192707126318	"Recreational"	"Dem"	"1"
6025	"6"	132.543571636776	48984	0.128135707940268	0.198888480241919	0.300728817348536	43.5348968076498	"Recreational"	"Dem"	"0"
6029	"6"	270.193718748745	51579	0.0894213986350192	0.183410395980961	0.262013010744829	110.272423902691	"Recreational"	"Dem"	"1"
6031	"6"	87.8664957784443	61663	0.0875623960066556	0.161999028418752	0.259143399467673	108.872197761214	"Recreational"	"Rep"	"0"
6033	"6"	312.199061849585	48554	0.0555555555555556	0.172142214221422	0.160048364515718	51.2384558398515	"Recreational"	"Dem"	"1"
6037	"6"	57.2954300808726	68093	0.0561030860943725	0.124047065542275	0.206245321377524	2490.15197815358	"Recreational"	"Rep"	"0"
6039	"6"	287.305291998579	56305	0.114947513233843	0.184480701298394	0.313658816309695	73.7844269378249	"Recreational"	"Rep"	"0"
6041	"6"	36.9705698859304	126373	0.024818406320836	0.0682078373494807	0.0628651370426454	498.919423570627	"Recreational"	"Rep"	"1"
6045	"6"	243.134031915622	51830	0.0576204143653072	0.180392156862745	0.122212266840433	24.9848939078797	"Recreational"	"Dem"	"1"
6047	"6"	221.280002911579	57745	0.103061584895967	0.193145552934647	0.301802299189027	141.950002661879	"Recreational"	"Dem"	"0"
6053	"6"	58.0816081029583	70681	0.0443051295928799	0.114696701086715	0.275899664998255	132.733423596164	"Recreational"	"Dem"	"0"
6055	"6"	51.6436302602982	87025	0.055034679387011	0.0961394739099006	0.142621877621162	186.309125369093	"Recreational"	"Dem"	"1"
6057	"6"	150.45739046702	66299	0.0340329477134113	0.134558594251545	0.0401646324155549	104.092868408761	"Recreational"	"Dem"	"1"
6059	"6"	9.73016678133616	89759	0.0410304407897669	0.0948517418341967	0.139080596993162	4018.72113535849	"Recreational"	"Dem"	"0"
6061	"6"	56.7214974475326	88592	0.0401050993433956	0.069474676795361	0.0497157959523551	279.407321562936	"Recreational"	"Dem"	"1"
6065	"6"	33.8262692603676	66964	0.0651701557867651	0.113920308244679	0.166347436660299	340.073271442089	"Recreational"	"Rep"	"0"
6067	"6"	152.565745712941	69767	0.0552299221528564	0.126359565276531	0.117001378647892	1596.12921843389	"Recreational"	"Dem"	"0"
6071	"6"	48.5355748725711	63857	0.0674260480083236	0.127199780050555	0.199456986712762	108.255930562669	"Recreational"	"Dem"	"0"
6073	"6"	45.5529221466762	79079	0.0535747740911506	0.106526474933196	0.127101883018502	794.381386962121	"Recreational"	"Dem"	"1"
6077	"6"	100.576621582122	64119	0.0604736323907899	0.119151540057759	0.198490824685045	540.554126656274	"Recreational"	"Rep"	"0"
6079	"6"	40.4915319883103	71148	0.0484779322405667	0.159904416713491	0.0891313611708816	86.0470078206248	"Recreational"	"Dem"	"1"
6081	"6"	40.2835441722057	124425	0.0384440232941112	0.0648952720454147	0.0966040479331139	1715.30115274754	"Recreational"	"Rep"	"0"
6083	"6"	51.2846927509423	77472	0.0593012140757748	0.13535612329845	0.185375603877807	163.25569944675	"Recreational"	"Dem"	"1"
6085	"6"	16.5671433806262	126606	0.0392315117687904	0.0714859933947901	0.107640640731859	1500.72914490762	"Recreational"	"Dem"	"0"
6087	"6"	108.293376602067	86941	0.0660361739994205	0.124270536283676	0.136939697853109	616.131425192561	"Recreational"	"Dem"	"1"
6089	"6"	264.941124194623	56280	0.0829383262232053	0.169884020369044	0.115510901488965	47.6877130675942	"Recreational"	"Rep"	"1"
6095	"6"	32.9146234970108	84395	0.0456073331686488	0.0725144330433103	0.108922270063777	543.485174557331	"Recreational"	"Dem"	"0"
6097	"6"	103.21197258882	81395	0.0445733941414045	0.099628795350945	0.111974440044669	317.247720807532	"Recreational"	"Rep"	"1"
6099	"6"	79.1175213480898	60321	0.0880177720551125	0.138333053422294	0.197702955309121	367.519519648991	"Recreational"	"Rep"	"1"
6101	"6"	66.1109217308666	59121	0.0897895309806768	0.123596695615336	0.212141186810427	160.667406370753	"Recreational"	"Rep"	"1"
6107	"6"	79.852144738452	48817	0.103020403343649	0.207958686820409	0.288932490371339	96.5639323448076	"Recreational"	"Rep"	"1"
6111	"6"	16.5693851817991	84566	0.0437536651538281	0.0786409797587786	0.147025159719476	461.862711971726	"Recreational"	"Dem"	"1"
6113	"6"	36.7500272222424	68670	0.057915242260461	0.249835356774711	0.151537203533729	217.208012989726	"Recreational"	"Dem"	"1"
6115	"6"	288.309990902218	46574	0.08270263671875	0.185919993091686	0.202851496329757	123.479473687518	"Recreational"	"Dem"	"1"
8005	"8"	53.7456907472954	76768	0.037934673804239	0.077185188432695	0.0748550840276638	816.129175293003	"Recreational"	"Dem"	"1"
8013	"8"	23.9206570207128	83755	0.0360900548244428	0.12194544444176	0.0422551500488058	448.914308439723	"Recreational"	"Rep"	"1"
8035	"8"	106.775270147268	119615	0.028311284769716	0.0235691182674729	0.0196596873536249	407.945226082964	"Recreational"	"Rep"	"1"
8041	"8"	82.3695535233997	68119	0.0526383537187678	0.0900853418276224	0.0686315698757931	335.640756954518	"Recreational"	"Rep"	"1"
8069	"8"	43.6496841816968	71091	0.0408502963153826	0.126223758636615	0.0488447454829892	135.034409267994	"Recreational"	"Dem"	"1"
8077	"8"	95.2959068449875	49848	0.0626513805909898	0.1591389105366	0.0948200091715072	46.0228374053417	"Recreational"	"Rep"	"1"
8101	"8"	31.039402133362	48468	0.0659394549888665	0.161079169424222	0.099242279418154	70.2109937227634	"Recreational"	"Dem"	"1"
8123	"8"	49.3151556609026	75938	0.0441193197124163	0.0941173956936751	0.110124027105327	78.8516824558585	"Recreational"	"Rep"	"1"
9001	"9"	185.416121454976	91079	0.0611733697774307	0.095748330276257	0.0992267123351305	1510.20179898254	"Medicinal"	"Dem"	"1"
9003	"9"	258.878432435642	73151	0.0530631220370502	0.102825471235619	0.0986263467933948	1214.61578790478	"Medicinal"	"Dem"	"1"
9005	"9"	64.6012666265439	76043	0.0409275177545146	0.0693762626955178	0.0654734462604661	196.750125200232	"Medicinal"	"Rep"	"1"
9007	"9"	41.7993385869365	89131	0.0480476337044545	0.0557932884257079	0.0459761431077757	440.509332560622	"Medicinal"	"Rep"	"1"
9009	"9"	276.695972575266	67845	0.056003405258505	0.10701358958145	0.096372467012941	1418.68945446307	"Medicinal"	"Dem"	"1"
9011	"9"	123.695573947463	67197	0.0556064446953397	0.102839429949907	0.0843649411640547	401.091700000684	"Medicinal"	"Dem"	"1"
9013	"9"	20.5405477037655	91646	0.0404505888376856	0.100757235226998	0.04306379709471	367.783990385284	"Medicinal"	"Rep"	"1"
9015	"9"	66.6512856007588	65765	0.0665930773476307	0.124001799572602	0.101445389621469	228.154639980675	"Medicinal"	"Rep"	"1"
12001	"12"	271.896160855843	51241	0.057715280876236	0.219086663327937	0.0740183074018307	308.509504592711	"Medicinal"	"Dem"	"1"
12005	"12"	176.482969663279	52107	0.0534887941203158	0.123585604004371	0.0948053457292272	244.270891168767	"Medicinal"	"Rep"	"1"
12009	"12"	107.564894973436	57888	0.0489630547795682	0.105925787347485	0.0797846326517274	587.923726240915	"Medicinal"	"Rep"	"1"
12011	"12"	15.3746809753698	57278	0.0533657699580568	0.106661685017857	0.108025876071573	1621.85418325532	"Medicinal"	"Dem"	"0"
12015	"12"	189.191234499832	52927	0.0471194745464657	0.121858931949813	0.106382422181533	271.613762436956	"Medicinal"	"Rep"	"1"
12017	"12"	233.2199906712	39964	0.068046014389659	0.173547173547174	0.102185454576245	254.212453575186	"Medicinal"	"Rep"	"1"
12019	"12"	265.652190010737	61825	0.0711622921429317	0.0870465526497431	0.105534608133585	357.273182592379	"Medicinal"	"Rep"	"1"
12021	"12"	237.259833865274	69867	0.0424525776691233	0.113302334398812	0.1294492552823	189.593340598192	"Medicinal"	"Dem"	"1"
12023	"12"	190.062834205637	48848	0.10527546690722	0.132100154365401	0.138831405964699	88.3994296250048	"Medicinal"	"Dem"	"1"
12033	"12"	449.71381847915	51050	0.0593798003072197	0.128036628950706	0.0854391284815813	480.286762154567	"Medicinal"	"Rep"	"1"
12035	"12"	174.003051745831	58963	0.0329607154263813	0.117073766061684	0.0819973840473186	230.996903787767	"Medicinal"	"Rep"	"1"
12053	"12"	244.151625494459	45977	0.0682186316113573	0.150990973312402	0.139471514609505	403.710956993908	"Medicinal"	"Rep"	"1"
12055	"12"	208.681135225376	39796	0.108584818209908	0.220835869344695	0.133782748967474	103.632199137666	"Medicinal"	"Rep"	"1"
12057	"12"	128.680871438832	58480	0.0522931540461225	0.136281753854269	0.111580632513048	1406.16566357696	"Medicinal"	"Dem"	"1"
12061	"12"	158.817886705672	57508	0.0686705842537612	0.125797743303932	0.113970112563074	313.08293568026	"Medicinal"	"Rep"	"1"
12069	"12"	141.376456892804	52096	0.0647227931420246	0.100104247973975	0.103548167222054	374.982395319504	"Medicinal"	"Rep"	"1"
12071	"12"	168.563893931965	56129	0.0440077793325902	0.120808869215011	0.103981725988145	964.954052263551	"Medicinal"	"Rep"	"1"
12073	"12"	125.469227560837	50682	0.0631644620338919	0.238979377171453	0.0741649034156691	438.644418913966	"Medicinal"	"Dem"	"0"
12081	"12"	338.098795760469	59956	0.0467705889237526	0.0956438415361635	0.101501249063626	531.338129686181	"Medicinal"	"Rep"	"1"
12083	"12"	288.907346858272	44576	0.0945103199691045	0.140996441281139	0.123405876683775	226.627669953153	"Medicinal"	"Rep"	"1"
12085	"12"	215.024361141493	59978	0.0318067734638862	0.0933644711262181	0.1008818030827	295.910977149898	"Medicinal"	"Rep"	"1"
12086	"12"	194.164140034277	52205	0.0457912303487555	0.126569670749945	0.174903583028178	1454.4184775684	"Medicinal"	"Dem"	"1"
12087	"12"	217.255121489597	71973	0.0306200498408547	0.114934993991041	0.0983987910277962	76.3224234901118	"Medicinal"	"Rep"	"1"
12089	"12"	212.042128809768	63913	0.0349704356220586	0.117057530600311	0.0891934220830071	132.317842815058	"Medicinal"	"Rep"	"1"
12091	"12"	256.671282246742	63997	0.047840601981877	0.137032107529002	0.0945670365526068	222.81399991384	"Medicinal"	"Rep"	"1"
12095	"12"	347.880881761785	58588	0.0419631406871156	0.140659922362075	0.110659064543147	1529.73394363506	"Medicinal"	"Dem"	"0"
12097	"12"	191.853039484769	50546	0.0607144197417024	0.12350526269817	0.140545376585253	277.161196800759	"Medicinal"	"Dem"	"1"
12099	"12"	113.799942258811	61691	0.0557316742272708	0.108693985969098	0.114095720286904	755.964633730172	"Medicinal"	"Dem"	"1"
12101	"12"	272.038248429479	54208	0.0570460881778573	0.11897297511806	0.105775352665479	722.716948182162	"Medicinal"	"Dem"	"1"
12103	"12"	53.8306947748339	52198	0.0511795396419437	0.109956688633141	0.0802930161997008	3562.67952531041	"Medicinal"	"Dem"	"1"
12105	"12"	170.195576609902	51670	0.0498233558323867	0.137690248891493	0.149367155534949	393.959794182794	"Medicinal"	"Rep"	"1"
12107	"12"	183.379852487089	41608	0.105006364022062	0.153307258144371	0.14836653690558	101.890850756114	"Medicinal"	"Dem"	"1"
12109	"12"	101.07723952946	80712	0.0376393745464142	0.0700381939708089	0.0456138781580021	423.264788624335	"Medicinal"	"Rep"	"1"
12111	"12"	87.8154505368576	54098	0.0569532162515649	0.113277359550874	0.128706737814386	561.722513713491	"Medicinal"	"Dem"	"1"
12113	"12"	131.029445383024	70787	0.0530124537192864	0.0906973045292516	0.0539152963990241	177.155911826506	"Medicinal"	"Rep"	"1"
12115	"12"	109.205611199903	61683	0.0332300424720465	0.111002567959029	0.0641273537301339	766.281368731216	"Medicinal"	"Dem"	"1"
12117	"12"	114.998546486773	67470	0.045457027410724	0.0973277714231408	0.0640776053349133	1512.0578576022	"Medicinal"	"Rep"	"1"
12119	"12"	148.344905789335	53895	0.0283280507131537	0.131662604641305	0.0848402717236498	231.109433840603	"Medicinal"	"Rep"	"1"
12127	"12"	104.102363671563	50361	0.0436879190401262	0.135715683663746	0.0891549545293492	497.199906038223	"Medicinal"	"Rep"	"1"
12131	"12"	163.922942206655	62914	0.0317736606089214	0.0822302349780994	0.0647176363318913	68.7791230188916	"Medicinal"	"Dem"	"1"
13031	"13"	49.1616642517077	44179	0.0988904968644477	0.281274988893825	0.138825834508136	114.352300438281	"Illegal"	"Dem"	"0"
13045	"13"	141.38044886176	51545	0.0470937556235379	0.167286987522282	0.1555928456324	236.702263927081	"Illegal"	"Rep"	"1"
13057	"13"	38.1665873168889	82069	0.0392045039116765	0.0656491214460261	0.071969830059848	603.560403535299	"Illegal"	"Rep"	"1"
13063	"13"	4.83400376361722	46646	0.060953818876915	0.144831795294902	0.138775123034517	2044.25661637655	"Illegal"	"Dem"	"0"
13067	"13"	0.264247917396101	78894	0.036855164223558	0.0786928920454665	0.067036232153371	2227.67074081112	"Illegal"	"Dem"	"0"
13073	"13"	34.3506750231705	82024	0.0506736376432737	0.0545019648043738	0.0703476361335982	531.898660893481	"Illegal"	"Rep"	"1"
13077	"13"	62.3868809301815	69240	0.0262295527786465	0.121235675579639	0.129337603786287	330.808382328646	"Illegal"	"Rep"	"1"
13089	"13"	0	64461	0.054333050634877	0.115413189838989	0.0999315841553542	2825.87153405917	"Illegal"	"Rep"	"0"
13095	"13"	0	39659	0.113301215426377	0.242473896806646	0.207396407863103	277.634938195606	"Illegal"	"Rep"	"0"
13113	"13"	32.6108990913017	93468	0.0324915583016021	0.0332497334314506	0.0451667425079633	583.72212557045	"Illegal"	"Rep"	"0"
13117	"13"	44.7990803509543	104687	0.025601185061145	0.0508687811901533	0.0596267578719628	1053.70967838756	"Illegal"	"Rep"	"1"
13121	"13"	0.857049806021061	70930	0.0447751509486573	0.113211090114633	0.064104269184732	1993.6122393519	"Illegal"	"Dem"	"0"
13139	"13"	118.724894631656	61699	0.0320086857740291	0.10909424581658	0.212946816140112	514.392364715314	"Illegal"	"Rep"	"1"
13151	"13"	0	73541	0.0402733151665514	0.0556689295184152	0.0694525364138624	722.48831169088	"Illegal"	"Dem"	"0"
13153	"13"	75.2561603921039	58965	0.050399627531621	0.118412391492163	0.100735470845551	413.418716113581	"Illegal"	"Rep"	"0"
13215	"13"	28.8421920065925	47288	0.0999332347751443	0.186174439215207	0.12561075560319	897.0728755478	"Illegal"	"Dem"	"0"
13217	"13"	278.434558749692	57344	0.0480203343435331	0.17533050370438	0.11493831863334	400.150926976242	"Illegal"	"Dem"	"0"
13247	"13"	184.338918692187	61222	0.0506649337387147	0.103588773487095	0.0986233580763546	697.883521602985	"Illegal"	"Dem"	"0"
13255	"13"	202.723146747353	42920	0.0451158631994635	0.153413202540806	0.172906035544607	337.27280262261	"Illegal"	"Dem"	"0"
13285	"13"	92.8120627123968	44260	0.0452056937275145	0.206614534758591	0.145764996629971	169.16119062326	"Illegal"	"Dem"	"0"
13297	"13"	73.7944237083302	66640	0.0250560874297519	0.107890238416554	0.120413528377659	286.126025916157	"Illegal"	"Dem"	"1"
16001	"16"	46.811897030849	66405	0.0353974307919056	0.0963058734005975	0.036051256398398	446.732338978357	"Illegal"	"Dem"	"1"
16005	"16"	3.44281484541761	50748	0.0565644825415274	0.139887773650518	0.0753918974857369	78.3273286659597	"Illegal"	"Rep"	"1"
16019	"16"	84.7211049685933	58729	0.0594106920049909	0.0952359033371692	0.0795596557001839	62.6233208375957	"Illegal"	"Rep"	"1"
16027	"16"	51.9017982183365	53374	0.0491790737925165	0.101316556166239	0.160981023988543	380.719313630065	"Illegal"	"Rep"	"1"
16055	"16"	63.7751153215071	55236	0.036810204909718	0.101358991316963	0.0784869262469802	130.479623719654	"Illegal"	"Rep"	"1"
16083	"16"	46.4678616651758	51196	0.0243955670878095	0.145034887765751	0.155810270990031	44.7938865353402	"Illegal"	"Dem"	"1"
17001	"17"	45.6683563958533	56699	0.0272612488521579	0.101265139866742	0.0625501899077591	76.8189172356908	"Medicinal"	"Dem"	"1"
17019	"17"	50.4802769748027	52725	0.0499809658220444	0.238503083464205	0.05311262984786	210.803336438456	"Medicinal"	"Dem"	"1"
17031	"17"	4.16948734415817	63353	0.0663587157500607	0.124823426984029	0.123810098708258	5482.37928116091	"Medicinal"	"Rep"	"0"
17037	"17"	15.3634905850609	63085	0.0503163765059164	0.150970813752164	0.0605681872806807	164.954382619055	"Medicinal"	"Dem"	"1"
17043	"17"	8.83060212860587	93750	0.0357077939908188	0.0565655746233518	0.0661075535141829	2833.42352280014	"Medicinal"	"Dem"	"1"
17089	"17"	14.0392650163979	79818	0.0408610021786492	0.0721280818376313	0.153100354326209	1028.60603264769	"Medicinal"	"Dem"	"1"
17091	"17"	42.7179524467389	51404	0.0427358580559	0.155613816194703	0.124965623453055	162.637640551017	"Medicinal"	"Rep"	"1"
17093	"17"	36.7431497478795	89862	0.0675647451963241	0.0388411824354679	0.0653082746412565	399.410588761545	"Medicinal"	"Dem"	"1"
17111	"17"	29.49087727258	85275	0.0401028871997919	0.048056814906051	0.0625062151066157	511.378961165839	"Medicinal"	"Rep"	"1"
17113	"17"	17.9369083713287	66256	0.0286806455939554	0.193227713407425	0.0400645283735054	146.064199151804	"Medicinal"	"Rep"	"1"
17115	"17"	37.245014898006	50066	0.0698839458413927	0.165274800651633	0.10352208333905	180.358909279839	"Medicinal"	"Rep"	"1"
17119	"17"	54.8285002325485	59987	0.059550114101496	0.145489533286491	0.0735131101534069	369.333455289347	"Medicinal"	"Rep"	"1"
17143	"17"	57.0254843013824	56138	0.05868787002616	0.167389584266771	0.0851450616522304	291.949606391262	"Medicinal"	"Dem"	"1"
17161	"17"	40.4245976707068	52148	0.0538011048193939	0.131942040452994	0.114864384937748	335.697464503437	"Medicinal"	"Dem"	"1"
17163	"17"	42.519124029434	59141	0.0490511631531777	0.134363504448659	0.0994502274439762	396.909925138528	"Medicinal"	"Dem"	"0"
17167	"17"	92.6551589983005	61997	0.0520031917094362	0.126773057355307	0.0759812932923511	224.978469534224	"Medicinal"	"Rep"	"1"
17183	"17"	113.272400593704	43655	0.0811203193999153	0.188949850803735	0.0946831476988327	85.5024570350092	"Medicinal"	"Dem"	"1"
17197	"17"	17.044387629819	85818	0.0442715029038098	0.0555646023463442	0.0908062401936219	828.237615435169	"Medicinal"	"Dem"	"1"
17201	"17"	49.9857435027334	53345	0.0658959219724099	0.146128091586564	0.114583118941281	553.526476719638	"Medicinal"	"Dem"	"1"
20015	"20"	64.4050026211338	64898	0.0296964364276287	0.0817828938562441	0.0490968987845053	46.6997314893871	"Illegal"	"Dem"	"1"
20091	"20"	10.2082653479596	86746	0.0254288320623886	0.0501508233471245	0.0404953774657636	1261.6992361144	"Illegal"	"Dem"	"1"
20103	"20"	63.9197561215459	71071	0.044006980041444	0.138524259665786	0.0637350803194831	175.552666757246	"Illegal"	"Rep"	"1"
20173	"20"	26.0899870912974	55882	0.0447871622657712	0.127978741923935	0.10538551297011	514.902897712786	"Illegal"	"Dem"	"1"
20177	"20"	52.394661378374	52104	0.0422554644651666	0.138901321875093	0.0937141527156656	326.277338245688	"Illegal"	"Dem"	"1"
23001	"23"	6.50080331355232	49697	0.0516628430325213	0.111200932763311	0.102484349258649	230.113359153804	"Recreational"	"Rep"	"1"
23003	"23"	4.47020607650013	38233	0.0560652395514781	0.150296169540608	0.119621949499224	10.0597229623029	"Recreational"	"Rep"	"1"
23005	"23"	8.17558429879035	72452	0.0229330817566112	0.093764926740944	0.0419436317035617	351.272968844731	"Recreational"	"Dem"	"1"
23011	"23"	10.6484932382068	51653	0.030801628086056	0.0942346034559149	0.0625176133737642	140.734677830572	"Recreational"	"Dem"	"1"
23019	"23"	5.29464711177	47217	0.0367158329581866	0.157002366324382	0.0804486022818755	44.4767237413077	"Recreational"	"Rep"	"1"
23031	"23"	9.69795712533155	66614	0.0243863464867504	0.0893156136505189	0.0561483158121978	208.090924590423	"Recreational"	"Dem"	"1"
24001	"24"	56.3578724903135	42068	0.0901679995040605	0.172915485734337	0.0827341035792195	168.11291494418	"Medicinal"	"Dem"	"1"
24003	"24"	0	97814	0.039113791827526	0.0619782219348489	0.0766228678199024	1388.74735819969	"Medicinal"	"Dem"	"1"
24005	"24"	0	76182	0.0485468220964847	0.0973164865743555	0.0823841927149667	1384.50773251753	"Medicinal"	"Rep"	"0"
24009	"24"	102.170581394085	107884	0.0267546562245324	0.0415759533675118	0.0628173486551491	431.552003995522	"Medicinal"	"Dem"	"1"
24013	"24"	70.6529160655232	97430	0.0307362165731264	0.0692481129301049	0.0800143953934741	376.272015510026	"Medicinal"	"Rep"	"1"
24015	"24"	71.9662342209169	74452	0.0596375437572929	0.0648611707115498	0.0917624142506281	296.945851935769	"Medicinal"	"Dem"	"1"
24017	"24"	377.701962192653	94368	0.0451504818031677	0.0485566494243284	0.055515587529976	352.779850748132	"Medicinal"	"Dem"	"0"
24021	"24"	66.4976843159344	95850	0.0372871867015015	0.0601962852849973	0.0767143250562262	387.070588319805	"Medicinal"	"Rep"	"1"
24025	"24"	137.031611775268	88603	0.0405719719133996	0.059438936661209	0.0787404710433496	580.975871268699	"Medicinal"	"Rep"	"1"
24027	"24"	0	116984	0.0359453064848795	0.0450671754111316	0.0395861879967114	1287.91687295318	"Medicinal"	"Rep"	"0"
24031	"24"	0	108188	0.0408797289534461	0.0666963461541455	0.0897936365651717	2134.69728437882	"Medicinal"	"Dem"	"0"
24037	"24"	196.158488958319	92250	0.026441463585926	0.0647819417050186	0.0930400830056793	314.100162873125	"Medicinal"	"Dem"	"1"
24043	"24"	207.386401282748	63126	0.0595853855968828	0.0984404761904762	0.130088838850677	329.700310845799	"Medicinal"	"Rep"	"1"
24045	"24"	93.9968021706478	57249	0.0702562010760834	0.147676482187459	0.136990922473013	275.613533209222	"Medicinal"	"Rep"	"0"
25001	"25"	317.225286182191	68902	0.0396347827665387	0.0757828810020877	0.0549232874738889	541.342685674402	"Recreational"	"Rep"	"1"
25003	"25"	436.888593408681	60476	0.043346450062011	0.108796622097115	0.069970782847813	136.316068253931	"Recreational"	"Rep"	"1"
25005	"25"	408.849300204602	66205	0.0491522989945134	0.0957997723627408	0.142555459565417	1019.73649024455	"Recreational"	"Dem"	"1"
25009	"25"	274.841330672191	76604	0.0529601538985485	0.10024355072646	0.110656596103515	1605.43987890829	"Recreational"	"Dem"	"1"
25011	"25"	267.745162972253	59248	0.0331823476122687	0.101831069108092	0.0787747801460724	101.488379560088	"Recreational"	"Rep"	"1"
25013	"25"	536.55778200108	52372	0.0521610800495796	0.153771364058877	0.153119984011292	762.420796285613	"Recreational"	"Dem"	"1"
25015	"25"	261.53512441511	76966	0.0450118063754427	0.128112216410852	0.0476138342871361	306.041299946097	"Recreational"	"Rep"	"1"
25017	"25"	171.36161574124	100517	0.0392599714777985	0.0689714891435795	0.0610276023756598	1974.36305462943	"Recreational"	"Rep"	"1"
25021	"25"	166.43322540219	100356	0.0436194204931308	0.0639386369564758	0.0580977754847863	1780.84618869421	"Recreational"	"Dem"	"1"
25023	"25"	345.085808249635	90484	0.0475791089756347	0.0561711075378716	0.0715698863104062	786.311601343881	"Recreational"	"Dem"	"1"
25025	"25"	605.511042400638	69985	0.0650894811653008	0.158678103394807	0.144255155902558	13859.4779860813	"Recreational"	"Rep"	"0"
25027	"25"	316.908570733921	71853	0.0456778051023628	0.0856557199168242	0.0847149165840351	549.987951003898	"Recreational"	"Dem"	"1"
26005	"26"	76.7086859802092	61353	0.0364600424877804	0.103874236112119	0.0987745312363368	142.171638597101	"Medicinal"	"Rep"	"1"
26017	"26"	56.7728029406387	50606	0.048858574610245	0.155184693580239	0.108454575930272	234.992115961501	"Medicinal"	"Dem"	"1"
26021	"26"	83.0408522067458	51262	0.0469696387640378	0.144051541273638	0.104472471727091	271.481597139924	"Medicinal"	"Rep"	"1"
26025	"26"	90.7150877036442	47204	0.0574689658354997	0.157757866007518	0.0883551989591239	190.422073798577	"Medicinal"	"Rep"	"1"
26037	"26"	26.4710331266072	69522	0.0253116735927465	0.0934973859365486	0.0664425585069253	140.058950856176	"Medicinal"	"Dem"	"1"
26045	"26"	137.490211789558	67195	0.0502043303699455	0.0976874668284176	0.0493587601840191	190.934630857809	"Medicinal"	"Dem"	"1"
26049	"26"	24.3307806494107	48127	0.0780221826759922	0.173643820461272	0.090744774528433	638.799584433733	"Medicinal"	"Rep"	"1"
26055	"26"	143.670400656779	66163	0.0397116349560694	0.110465009965805	0.043658950755206	199.365053692464	"Medicinal"	"Rep"	"1"
26065	"26"	54.656942285685	52691	0.0611437554765218	0.200487227127549	0.0695481247934949	526.380821502289	"Medicinal"	"Dem"	"1"
26073	"26"	55.2705422181911	46198	0.0687688421738776	0.293436645396536	0.0870836511568777	123.209655519714	"Medicinal"	"Dem"	"1"
26075	"26"	112.704079383968	51031	0.0670120945955307	0.135365702082462	0.0947106039881938	226.282132234239	"Medicinal"	"Rep"	"1"
26077	"26"	103.824517687922	55416	0.0620881318820136	0.157672029787313	0.0648173760357912	471.225547271902	"Medicinal"	"Dem"	"1"
26081	"26"	63.4764280666762	61537	0.0480510038588446	0.103792235801582	0.0809716878988228	770.929419207305	"Medicinal"	"Dem"	"1"
26087	"26"	57.9361112373336	65561	0.0507948278259258	0.0944054617864593	0.0847982960867216	136.563985862214	"Medicinal"	"Rep"	"1"
26091	"26"	24.4235035515845	55378	0.0386142887977552	0.107110095868482	0.104147980414357	131.085408312755	"Medicinal"	"Rep"	"1"
26093	"26"	42.8816466552316	82884	0.0315943659785814	0.0436519502786112	0.0437342802189673	338.302247693456	"Medicinal"	"Rep"	"1"
26099	"26"	36.6958213633698	62107	0.0442201770898696	0.0946102406911242	0.104946623353978	1825.27263995325	"Medicinal"	"Dem"	"1"
26103	"26"	21.0475675025558	54779	0.0565491765430199	0.17639482767503	0.0385993745577393	36.7686810763156	"Medicinal"	"Dem"	"1"
26111	"26"	64.8968260644882	56091	0.0549511713808632	0.132591467170369	0.0616765748942075	161.175783510466	"Medicinal"	"Rep"	"1"
26115	"26"	127.626479835681	61916	0.0459025210084034	0.093197293951185	0.0703352701152667	273.850902811595	"Medicinal"	"Rep"	"1"
26121	"26"	47.8143650482752	50080	0.0516363818265948	0.153674292588736	0.066834825604704	344.497071948147	"Medicinal"	"Dem"	"1"
26125	"26"	1.98538597094507	80193	0.0389237315449736	0.0773491523855778	0.05874698627882	1451.68872282417	"Medicinal"	"Dem"	"1"
26139	"26"	189.33265403072	69952	0.0296957680472763	0.0808893650588083	0.0576490671734555	515.501681312681	"Medicinal"	"Rep"	"1"
26145	"26"	60.272536687631	48990	0.0547732426303855	0.172967179928736	0.0895736623503543	238.361304368925	"Medicinal"	"Dem"	"1"
26147	"26"	151.879350056798	56441	0.0719848479184579	0.135617684897549	0.0935295250433291	220.898860211949	"Medicinal"	"Rep"	"1"
26155	"26"	26.3960581886438	54456	0.041144795168536	0.106927673806655	0.0958213556638754	128.431675341769	"Medicinal"	"Rep"	"1"
26159	"26"	145.795779874881	59295	0.0404491961328199	0.137967207133247	0.129044669308607	124.133929081081	"Medicinal"	"Rep"	"1"
26161	"26"	141.25397950739	71860	0.0479480820767169	0.177487802889546	0.0467468491549029	525.463667825966	"Medicinal"	"Rep"	"1"
26163	"26"	0.0570160209317216	46390	0.0792414096485654	0.192922550874997	0.131802506306179	2865.87158997909	"Medicinal"	"Dem"	"0"
27003	"27"	11.0227719162382	82492	0.0320307623161627	0.0463395085758776	0.0653345075517958	838.462016614319	"Medicinal"	"Dem"	"1"
27013	"27"	31.1447936286651	58616	0.0151476707601746	0.211910764400894	0.0708897802669089	90.1698894008765	"Medicinal"	"Dem"	"1"
27019	"27"	48.2853859450899	100324	0.0184621951870231	0.0271229242252306	0.0291667283247259	292.352672756987	"Medicinal"	"Rep"	"1"
27037	"27"	8.93228621865767	86302	0.0307207414055814	0.0557752515911544	0.0480754876808299	756.390506440932	"Medicinal"	"Rep"	"1"
27053	"27"	1.58802249910277	76052	0.0371749487781584	0.100274733918375	0.0619880009226546	2273.96069784658	"Medicinal"	"Dem"	"1"
27109	"27"	26.2354665113868	75327	0.0204862726849698	0.0679889427886115	0.0576489988221437	239.135063409796	"Medicinal"	"Dem"	"1"
27123	"27"	17.4478835353774	62919	0.0401063287205764	0.134761287379503	0.0937585758108472	3614.57986633598	"Medicinal"	"Rep"	"0"
27131	"27"	24.0518316973077	65839	0.06017585370841	0.0852351981006084	0.0943972511215043	134.162697978661	"Medicinal"	"Dem"	"1"
27137	"27"	19.0233987805	53550	0.0453980768666425	0.169441930873511	0.0507039155301364	31.9720171174912	"Medicinal"	"Dem"	"1"
27139	"27"	6.10662161336943	100963	0.0296430586738063	0.0561403897991104	0.0438715892195255	413.700805581305	"Medicinal"	"Rep"	"1"
27141	"27"	29.1557332666917	80643	0.0204844442815787	0.0585645541107812	0.0504406197308561	221.838528250452	"Medicinal"	"Rep"	"1"
27145	"27"	19.4655146430904	60669	0.0498942251429086	0.132090240398018	0.0806332357618175	118.599053732176	"Medicinal"	"Rep"	"1"
27163	"27"	20.4474519774229	95124	0.0184560401272259	0.0370662766769772	0.0447255042942146	674.285922558946	"Medicinal"	"Dem"	"1"
27171	"27"	82.1421499240919	88359	0.0148676971443542	0.0415317697649705	0.0518042522326488	206.239489301097	"Medicinal"	"Rep"	"1"
31055	"31"	14.6415467118261	64390	0.0391275877047958	0.113596775142706	0.0973825385457346	1736.70774886194	"Illegal"	"Rep"	"1"
31109	"31"	7.56448725383898	57650	0.0309910981843822	0.137528768395938	0.0607145200943001	378.802118909993	"Illegal"	"Dem"	"1"
31153	"31"	27.6484205162123	77941	0.0342004991424199	0.0544552676036088	0.0491662631771192	774.54219227504	"Illegal"	"Rep"	"1"
32031	"32"	36.0720152017778	63310	0.0405514713207021	0.0976699492186404	0.10295313258338	73.9095503729365	"Recreational"	"Dem"	"1"
33005	"33"	0	59186	0.0440171657356573	0.117939933767272	0.0737452673592331	108.23836256483	"Medicinal"	"Dem"	"1"
33009	"33"	5.56879691711403	66358	0.0262139481831514	0.0739935556504523	0.0650851871258673	52.549499688898	"Medicinal"	"Dem"	"1"
33013	"33"	0.66167323928751	75088	0.0392856296366524	0.0659032878530533	0.0627596984739842	162.00641753074	"Medicinal"	"Rep"	"1"
33015	"33"	0.646880741066577	95160	0.0289915516454284	0.042148515930209	0.0538094040734222	444.610331633696	"Medicinal"	"Rep"	"1"
33017	"33"	6.91828733953417	71528	0.0350004781486086	0.103330508692191	0.0715201109896182	353.934554939283	"Medicinal"	"Dem"	"1"
35005	"35"	69.5636043222186	43941	0.040463889591387	0.161103088202622	0.232076233929802	10.6621582310844	"Medicinal"	"Dem"	"1"
35031	"35"	265.596901369484	34080	0.137941616479343	0.312268899544359	0.217695519693037	13.2625683055916	"Medicinal"	"Rep"	"0"
35035	"35"	236.594240876896	42591	0.0520667564369364	0.196886149854038	0.153748042067577	10.0991113045387	"Medicinal"	"Dem"	"1"
35043	"35"	75.7685340166278	54338	0.0799341910238928	0.126667135456953	0.112199138837629	39.1306380120584	"Medicinal"	"Dem"	"1"
35045	"35"	610.989819502091	44841	0.0740252327435196	0.244257103969334	0.147374738208674	22.6642024666576	"Medicinal"	"Rep"	"0"
35049	"35"	71.9731300314549	60193	0.042216684011612	0.12171137857126	0.116129204770309	78.5593690746225	"Medicinal"	"Dem"	"1"
35061	"35"	511.40525269436	46493	0.0610508540624797	0.157189714888639	0.171489735846171	71.6723041489663	"Medicinal"	"Rep"	"1"
36001	"36"	5.20974091307222	64435	0.049760432720273	0.110786121759889	0.0711935838662267	587.413859826063	"Medicinal"	"Dem"	"1"
36007	"36"	22.9574400367319	51125	0.0631911532385466	0.179605524104857	0.0995658936323328	271.54241227582	"Medicinal"	"Rep"	"1"
36009	"36"	42.9463820926601	48179	0.0594705801673296	0.160756178111832	0.105939666479295	58.730355265648	"Medicinal"	"Dem"	"1"
36011	"36"	14.2588631797265	52376	0.0380981836585503	0.133018568120942	0.11500115928588	111.548504269446	"Medicinal"	"Dem"	"1"
36015	"36"	11.8688726944715	53005	0.0440193828105075	0.115716018126503	0.122492788622795	206.833513378968	"Medicinal"	"Rep"	"1"
36019	"36"	16.1100439928124	56704	0.038234233234372	0.12354393863234	0.0948799537170957	77.759247785014	"Medicinal"	"Rep"	"1"
36029	"36"	4.89279877875742	56369	0.0391769620970508	0.133821017844379	0.0846726665095059	882.034800551385	"Medicinal"	"Dem"	"1"
36045	"36"	15.2118473446378	53146	0.0495067026500907	0.119489523098924	0.0836815358554489	88.0865340903292	"Medicinal"	"Dem"	"1"
36051	"36"	36.3768643142961	61609	0.0304492221639573	0.156093108169785	0.0889981589802149	100.080370812735	"Medicinal"	"Dem"	"1"
36053	"36"	29.6631118016809	59678	0.0414109151506735	0.0796892907169235	0.0865527722460958	108.106312836232	"Medicinal"	"Dem"	"1"
36059	"36"	73.6191079867162	116304	0.0317068106022914	0.0501838582512983	0.0867682964144704	4772.97895311378	"Medicinal"	"Dem"	"1"
36063	"36"	28.0374275897792	55306	0.0460912144849969	0.116585562066708	0.0902731820949255	402.856171375853	"Medicinal"	"Rep"	"1"
36065	"36"	46.6074563218441	54593	0.0396512882645817	0.150413172223121	0.109073533912544	189.368299666509	"Medicinal"	"Rep"	"1"
36069	"36"	37.3188669627904	62522	0.0331194515250066	0.0818227672519782	0.0638707195075029	170.584519395861	"Medicinal"	"Rep"	"1"
36075	"36"	48.3468761132504	54264	0.069731177328045	0.148614032828174	0.113023765632006	123.88870301348	"Medicinal"	"Rep"	"1"
36079	"36"	14.1568579864903	102525	0.0492705138927609	0.056667427230353	0.0568290892665575	429.367804499009	"Medicinal"	"Rep"	"1"
36083	"36"	8.15343510492844	71648	0.0499626604996266	0.112771321404415	0.0846567507778637	244.372241732046	"Medicinal"	"Rep"	"1"
36087	"36"	3.07035723606442	89812	0.0531916976059821	0.113601630157922	0.0996536392443931	1877.89788576159	"Medicinal"	"Dem"	"1"
36089	"36"	11.1062778235398	49681	0.0430369721979076	0.138600700857947	0.0979004350197927	40.3270433059803	"Medicinal"	"Rep"	"1"
36091	"36"	34.3235011709093	83765	0.0364111580302341	0.0631029597089418	0.0576014992926132	284.153356941099	"Medicinal"	"Rep"	"1"
36093	"36"	0.643707756678468	64847	0.0649388284803508	0.0972043753846818	0.0929619017900201	759.362018616643	"Medicinal"	"Rep"	"1"
36103	"36"	3.7134737656582	100468	0.0394597147493601	0.0677633177931461	0.0912310932414321	1624.4021716008	"Medicinal"	"Dem"	"1"
36105	"36"	39.7361519510451	52274	0.0692884984583164	0.149821910660405	0.150984395781429	77.9827502921199	"Medicinal"	"Rep"	"1"
36109	"36"	20.4294066716605	57276	0.03628767423192	0.219157912151543	0.0625010458675681	216.569917890789	"Medicinal"	"Rep"	"1"
36111	"36"	14.5577522830475	63889	0.0439631415776783	0.163215348991068	0.0937329532795009	158.862547908105	"Medicinal"	"Dem"	"1"
36117	"36"	59.9573636525138	61515	0.0434434737479457	0.0767609873570139	0.0970845026504521	149.15472264689	"Medicinal"	"Dem"	"1"
39003	"39"	24.3515190477582	49063	0.0482797540281778	0.145881793639744	0.0906038798954851	255.060980250753	"Medicinal"	"Rep"	"1"
39009	"39"	27.3481418456957	36944	0.0789962532665848	0.370464157051115	0.0817934855698109	130.68808375316	"Medicinal"	"Rep"	"1"
39013	"39"	77.0313310125176	50250	0.0441375952140795	0.12065246697223	0.0869338572889308	126.859148137247	"Medicinal"	"Dem"	"1"
39023	"39"	28.2349444588921	49875	0.0743014102229656	0.150067093109603	0.119804189139429	339.123292008078	"Medicinal"	"Rep"	"1"
39025	"39"	50.1299485072956	64526	0.0329091335994365	0.0753389932804893	0.0842459092638789	454.460689350239	"Medicinal"	"Rep"	"1"
39041	"39"	29.2931561422866	99881	0.034962124365271	0.0443454957740672	0.0337987380804117	462.194142329073	"Medicinal"	"Rep"	"1"
39043	"39"	6.70106546940964	49751	0.0362937889533634	0.102487145482888	0.0928100459327308	296.756296562857	"Medicinal"	"Rep"	"1"
39045	"39"	29.5284435942535	67144	0.0310973430239485	0.101798361565325	0.0663138024909175	308.840236852888	"Medicinal"	"Rep"	"1"
39055	"39"	22.3330603737065	82784	0.0220256216415013	0.0558181578501347	0.0901384484492227	234.900549231281	"Medicinal"	"Rep"	"1"
39057	"39"	25.5959998809488	67680	0.0556970805975147	0.13003875361683	0.0612655936684826	406.153623931224	"Medicinal"	"Rep"	"1"
39061	"39"	20.5709919626196	57189	0.039354238669897	0.142513413240857	0.087316799112651	2011.8072287765	"Medicinal"	"Dem"	"1"
39063	"39"	26.3400500460951	60788	0.0398744038906464	0.0957224249977744	0.0821969913086476	142.910053856985	"Medicinal"	"Dem"	"1"
39081	"39"	18.2462329131631	40308	0.0659079628447848	0.210625067009757	0.109011101404189	161.144531148774	"Medicinal"	"Dem"	"1"
39085	"39"	82.4244948246094	65835	0.0393442096215791	0.0672196314706765	0.0785234738693888	1005.42476018884	"Medicinal"	"Rep"	"1"
39093	"39"	24.558829707136	58613	0.0376667145637663	0.133817818020357	0.0891437086744425	629.991984388768	"Medicinal"	"Dem"	"1"
39095	"39"	24.1917287548936	47360	0.0662825162640505	0.1800731332694	0.101949990414373	1261.77219745714	"Medicinal"	"Dem"	"1"
39099	"39"	1.74184164917567	47962	0.0914544784497905	0.158978714369128	0.0887595825251686	558.05275991602	"Medicinal"	"Dem"	"1"
39101	"39"	55.167340934167	43008	0.0424830811749283	0.161600090914257	0.0967459570650152	161.621801382688	"Medicinal"	"Dem"	"1"
39103	"39"	2.79101961528586	75786	0.0235156460330938	0.0607886758093736	0.0372135509750189	425.126665044197	"Medicinal"	"Rep"	"1"
39109	"39"	32.94985972774	58486	0.0439307217720954	0.0699587798845837	0.0865304251705265	261.302326300414	"Medicinal"	"Rep"	"1"
39113	"39"	50.532469459791	50838	0.0593287368672397	0.16249164070528	0.0952593013534706	1153.50303098027	"Medicinal"	"Dem"	"1"
39133	"39"	215.433905982434	64550	0.0497330829447387	0.107947531638583	0.0697415791755414	334.275179884496	"Medicinal"	"Rep"	"1"
39139	"39"	53.6750922798702	49564	0.0440795159896284	0.143458057462188	0.13671253556291	244.547177526057	"Medicinal"	"Rep"	"1"
39141	"39"	148.184736972092	46769	0.0780710724785888	0.206109203781216	0.140772783928441	111.625691839358	"Medicinal"	"Dem"	"1"
39151	"39"	31.2185459693089	52068	0.0518815456455504	0.128964197053604	0.0782355245270846	645.85947523191	"Medicinal"	"Rep"	"1"
39153	"39"	12.917083396381	58876	0.0572515626415436	0.1131100901382	0.0803964383310888	1312.7429941728	"Medicinal"	"Rep"	"1"
39155	"39"	8.55875585897184	46196	0.0460586261306309	0.184279731177559	0.10757266914249	321.382732691194	"Medicinal"	"Dem"	"1"
39165	"39"	21.9663785194661	86473	0.0279090667021702	0.0468826162095095	0.0666027517285604	578.625001166246	"Medicinal"	"Rep"	"1"
39169	"39"	39.6664568368588	59111	0.0305308964316797	0.0792567430065278	0.126081968922724	209.000042460627	"Medicinal"	"Rep"	"1"
39173	"39"	19.1283589398298	63695	0.0494070335262013	0.140788823104327	0.0592865475532633	211.757461486063	"Medicinal"	"Rep"	"1"
40017	"40"	5.53836355202946	70204	0.0332531145710069	0.0746301484036765	0.0769044867079962	161.097726104258	"Medicinal"	"Rep"	"1"
40027	"40"	15.6211723689863	62096	0.0298998425618866	0.136341436787883	0.070291156462585	522.681594887632	"Medicinal"	"Dem"	"1"
40031	"40"	19.0995000913454	52089	0.064135496940459	0.141903584672435	0.115793976950102	112.618687841174	"Medicinal"	"Rep"	"0"
40037	"40"	61.4490810569242	55264	0.0335766423357664	0.132795233977131	0.117935015399678	75.3592364700293	"Medicinal"	"Dem"	"1"
40101	"40"	115.561276732688	45290	0.0450459515663782	0.13769097410337	0.127910041289642	84.358047303149	"Medicinal"	"Dem"	"0"
40109	"40"	4.66828668831742	52214	0.0421286916251634	0.150281977620016	0.121461141357354	1118.16474829622	"Medicinal"	"Rep"	"1"
40119	"40"	41.4431984397855	48031	0.0644638892516651	0.302652604666028	0.0759960868018499	119.81693884265	"Medicinal"	"Rep"	"1"
40125	"40"	82.5547957456762	48776	0.0408861326002174	0.170496412643009	0.108849575790104	92.2706624593196	"Medicinal"	"Dem"	"1"
40131	"40"	110.888850234823	60148	0.0441939921018769	0.101041496264791	0.0740971258039291	136.147609248056	"Medicinal"	"Rep"	"1"
40143	"40"	36.8622370288112	55638	0.0447124845127906	0.13501171414888	0.101627824230564	1136.83470052443	"Medicinal"	"Dem"	"1"
40145	"40"	66.1590313319186	62421	0.0508592481900394	0.0959900750678134	0.0891843414264317	142.653058325606	"Medicinal"	"Dem"	"1"
41003	"41"	21.7152908220323	63773	0.0604835348061692	0.215125962027314	0.0393282618056552	136.409200723904	"Medicinal"	"Dem"	"1"
41005	"41"	101.664363396022	81278	0.0426758513988912	0.0694068794348808	0.0701174309075987	222.419315691081	"Medicinal"	"Rep"	"1"
41017	"41"	48.438509135607	67577	0.0466181759076779	0.0906310154787332	0.074513839602555	63.6254175698376	"Medicinal"	"Rep"	"1"
41019	"41"	145.081290860785	47004	0.0663789473684211	0.153839815425181	0.108410002936283	21.9004597609861	"Medicinal"	"Rep"	"1"
41029	"41"	88.8123736131606	56546	0.0539073979812337	0.146744303230502	0.103907452082898	78.8874790867517	"Medicinal"	"Rep"	"1"
41033	"41"	59.5013330587118	48315	0.0749387848072433	0.193735743854017	0.0739099313138697	53.33232423059	"Medicinal"	"Rep"	"1"
41043	"41"	51.8317823065143	54113	0.0604798764209077	0.134108911554597	0.12315304096126	55.6746027276984	"Medicinal"	"Rep"	"1"
41047	"41"	14.70299941188	56341	0.0500164685450789	0.139716495615039	0.150902350093452	293.818524250723	"Medicinal"	"Rep"	"1"
41051	"41"	19.3378331773168	71186	0.0403519545974334	0.120242619252355	0.0822640850157405	1883.25022211102	"Medicinal"	"Rep"	"1"
41053	"41"	73.9141657085201	61616	0.0656558363417569	0.160680414867428	0.0914224691849626	115.03749806064	"Medicinal"	"Rep"	"1"
41059	"41"	42.5718561329274	56842	0.121066545382188	0.147195759616073	0.184934747466782	24.1073639477086	"Medicinal"	"Dem"	"1"
41067	"41"	67.7603125339847	83068	0.0395361287805232	0.0839375193564526	0.0842557200930562	825.239508292379	"Medicinal"	"Rep"	"1"
41071	"41"	33.6442309489542	60893	0.0384555924866661	0.143829773271647	0.106794766625419	149.46526648407	"Medicinal"	"Rep"	"1"
42001	"42"	0.972658567662993	62284	0.044018643190057	0.0656046443319453	0.106382684843713	198.185752087289	"Medicinal"	"Rep"	"1"
42003	"42"	0.0820713495484434	59899	0.042170575563579	0.116085588080347	0.0496363008541977	1668.84437327617	"Medicinal"	"Dem"	"1"
42007	"42"	1.21401949715312	54660	0.0508585090197783	0.107696483188409	0.0622880100108671	378.96628626681	"Medicinal"	"Dem"	"1"
42011	"42"	0.23800910146804	62564	0.0510072284788471	0.101537773985821	0.135738819595526	490.61974937428	"Medicinal"	"Dem"	"1"
42017	"42"	0.159186239941419	88569	0.0396605970871713	0.0530622352420494	0.0545596068096652	1039.32148671112	"Medicinal"	"Dem"	"1"
42019	"42"	0	66423	0.0413250245982289	0.0948624343335411	0.0551248024334238	238.256676510629	"Medicinal"	"Rep"	"1"
42027	"42"	0	57333	0.033425486933787	0.24777512811406	0.0534983205202814	146.689381168884	"Medicinal"	"Dem"	"1"
42029	"42"	0	99119	0.0386972436359603	0.0666231920733488	0.0574609857903338	695.575069499227	"Medicinal"	"Rep"	"1"
42041	"42"	0	71802	0.038346098116332	0.0703221548140658	0.0660550038896261	460.904318476045	"Medicinal"	"Dem"	"1"
42049	"42"	3.67564627050551	48007	0.0442810711562239	0.158972742014363	0.0807526020816653	340.466028883749	"Medicinal"	"Dem"	"1"
42063	"42"	0	49448	0.0408822086206451	0.165791083823871	0.0955134882718488	102.119584434297	"Medicinal"	"Rep"	"1"
42071	"42"	0.18397334594164	66277	0.0370525256319839	0.0774435220643039	0.151220110696077	575.88353556818	"Medicinal"	"Dem"	"1"
42073	"42"	0	47853	0.0696832153524141	0.168843302528689	0.0922294379218785	240.616212720706	"Medicinal"	"Rep"	"1"
42081	"42"	0	55045	0.0518369216674301	0.126398370490603	0.0892461959715432	92.5036266470819	"Medicinal"	"Rep"	"1"
42085	"42"	1.80696222545468	48847	0.0526882351789873	0.152620080108577	0.107291335579429	164.564264573743	"Medicinal"	"Rep"	"1"
42089	"42"	0	64170	0.0665522547046988	0.120028575994285	0.10030213010161	278.676594142937	"Medicinal"	"Dem"	"1"
42091	"42"	0	90122	0.0407266225732983	0.0552462657673262	0.0576724179263957	1715.6855981781	"Medicinal"	"Dem"	"1"
42095	"42"	1.96845872962235	68591	0.0453511387589327	0.0982948620388377	0.0954413811261143	824.592532290371	"Medicinal"	"Dem"	"1"
42097	"42"	0	47160	0.048919791407996	0.11914592426566	0.102505592841163	198.870381019204	"Medicinal"	"Rep"	"1"
42107	"42"	0	48458	0.0605627014489261	0.131118418565975	0.111304730810107	182.45733045424	"Medicinal"	"Rep"	"1"
42125	"42"	0.964571296287365	63251	0.0433929430930431	0.0882120838471023	0.052756396084973	241.947158317826	"Medicinal"	"Rep"	"1"
42129	"42"	0	58471	0.0362659164275466	0.0899985204911969	0.0524126678947993	341.047956251159	"Medicinal"	"Rep"	"1"
42133	"42"	0.223078347346372	65239	0.044881634602265	0.0838376311550678	0.0996460903239043	495.764199242961	"Medicinal"	"Rep"	"1"
44003	"44"	114.73138818877	68994	0.0340174622973126	0.0576791072584283	0.0831096085645156	972.134143600989	"Medicinal"	"Rep"	"1"
44005	"44"	152.649560223886	83822	0.0492123239927506	0.0552986594264381	0.07834004154765	805.779157155596	"Medicinal"	"Dem"	"1"
44007	"44"	287.226215405513	56461	0.0583090115024402	0.151128756112814	0.131908216312024	1553.37195526448	"Medicinal"	"Rep"	"1"
44009	"44"	55.47674335666	89847	0.0698863880571355	0.0680026809651475	0.0558982001604952	383.198404410537	"Medicinal"	"Dem"	"1"
45003	"45"	282.170707374809	51932	0.0520816264794484	0.145977396655192	0.105410424032763	158.228631543033	"Illegal"	"Rep"	"1"
45007	"45"	369.110443830369	51699	0.0496376330127058	0.131438254607075	0.157996834958395	280.845409757587	"Illegal"	"Rep"	"1"
45013	"45"	341.785231698593	65607	0.0299953505321756	0.101006987258529	0.0777324584737247	327.53058574165	"Illegal"	"Rep"	"1"
45015	"45"	173.68413911014	62994	0.0458719020603165	0.123043921913288	0.0963873340363971	200.334887718849	"Illegal"	"Rep"	"0"
45041	"45"	381.444567491079	48790	0.0478021470977268	0.173187909005921	0.143159968310387	172.58864459826	"Illegal"	"Rep"	"0"
45045	"45"	315.239015738614	61183	0.0391882828570465	0.105130919474884	0.112819971710166	654.996358201843	"Illegal"	"Dem"	"1"
45047	"45"	326.54330586223	42245	0.0649582662176014	0.13837946801711	0.173514068425133	155.568759497575	"Illegal"	"Dem"	"0"
45051	"45"	0.871720514780021	49047	0.051189349485772	0.146027153235065	0.0988706742371584	303.565732314748	"Illegal"	"Rep"	"1"
45055	"45"	182.949140139041	51467	0.0472758247878649	0.13434849153026	0.135388590648876	90.2884859621599	"Illegal"	"Dem"	"1"
45057	"45"	272.593835185573	57224	0.0349075975359343	0.124974108874536	0.138690651725155	173.712441448036	"Illegal"	"Rep"	"1"
45063	"45"	186.081509802327	60154	0.0550260167923533	0.116030183432749	0.0912216532553036	422.083179724007	"Illegal"	"Rep"	"1"
45073	"45"	174.80286829816	47132	0.0593177511054959	0.167661125028467	0.15224717108297	125.109298836493	"Illegal"	"Dem"	"1"
45075	"45"	403.754572434261	36536	0.0724521868840232	0.238333675353991	0.105370473349847	78.5781569187313	"Illegal"	"Rep"	"0"
45077	"45"	228.915373348167	47148	0.051187968935106	0.206372765320176	0.155912151532314	251.424840645369	"Illegal"	"Rep"	"1"
45079	"45"	494.481108409556	52159	0.0680971439747742	0.168340006409398	0.07074461963402	547.426805326545	"Illegal"	"Dem"	"0"
45083	"45"	314.124783362218	53581	0.060589871718863	0.117916116693155	0.129499627291684	388.598231658165	"Illegal"	"Rep"	"1"
45085	"45"	399.95493465525	45994	0.0696611704255902	0.174954916900882	0.146957244956935	160.150270945438	"Illegal"	"Dem"	"0"
45091	"45"	136.802398966868	64319	0.0424711507452432	0.0859837378714143	0.0908819506263977	402.716279251051	"Illegal"	"Rep"	"1"
46099	"46"	26.9603268421162	58742	0.0284034470724046	0.0932086597002948	0.0735992849414311	239.05273075449	"Medicinal"	"Dem"	"1"
46103	"46"	119.933052296181	59006	0.0300745378136728	0.121612349914237	0.0596802750100156	40.236995850092	"Medicinal"	"Rep"	"1"
47001	"47"	183.049606443346	50616	0.0527673138220806	0.214507702008828	0.116821128094646	226.812707329783	"Illegal"	"Dem"	"1"
47009	"47"	276.362971929744	58809	0.0407510366355547	0.097663841770562	0.102224411767856	235.048353266362	"Illegal"	"Rep"	"1"
47011	"47"	182.709155134127	50560	0.0479542042042042	0.133242107942974	0.149936960527592	324.633201288277	"Illegal"	"Dem"	"1"
47065	"47"	74.1175889273812	57280	0.0560356503587875	0.126687224181546	0.104893165814623	671.692917173325	"Illegal"	"Rep"	"1"
47093	"47"	146.145728783616	55632	0.0409305342853272	0.142040693777232	0.0791370128104659	915.326061102693	"Illegal"	"Rep"	"1"
47113	"47"	109.62553147892	45360	0.055014605647517	0.167664242705784	0.125673823663773	175.199655219618	"Illegal"	"Rep"	"0"
47119	"47"	177.019291922832	53794	0.0480143786374529	0.0950046562296839	0.120617835750555	153.864117323578	"Illegal"	"Rep"	"1"
47125	"47"	56.8099053168245	56019	0.0704494669319963	0.121232532032671	0.0563542310672166	381.9796212256	"Illegal"	"Rep"	"1"
47141	"47"	161.079613916264	45199	0.058224913049079	0.170991293982418	0.100679718817173	196.563833792031	"Illegal"	"Dem"	"1"
47147	"47"	107.024164929871	69079	0.0454299913569576	0.0970694277526116	0.118487238402782	149.086440937667	"Illegal"	"Dem"	"1"
47149	"47"	58.7891286281511	63739	0.0565065592848986	0.112965265928218	0.0834911462095625	524.65228054784	"Illegal"	"Rep"	"1"
47155	"47"	212.479058554325	47411	0.0589969866551873	0.134597515228688	0.152647531768958	165.221923095819	"Illegal"	"Dem"	"1"
47157	"47"	75.4463732308573	47500	0.0792232735610157	0.185676552445445	0.118875534599872	1225.50405757636	"Illegal"	"Dem"	"0"
47163	"47"	193.444452901033	44652	0.058554128440367	0.15586724832956	0.110648729759911	381.395460638353	"Illegal"	"Rep"	"1"
47165	"47"	80.1500408765208	65948	0.0283557203367889	0.0767877196240196	0.110065567686265	353.50909668861	"Illegal"	"Rep"	"1"
47179	"47"	161.733031639024	48765	0.034213353299261	0.151334315017179	0.115009856378485	393.907541353159	"Illegal"	"Rep"	"1"
47187	"47"	33.2284694621735	110700	0.0259718006462352	0.0344564886160811	0.0410078169912183	397.567972935565	"Illegal"	"Rep"	"1"
47189	"47"	78.9333333333333	76756	0.0288377789874796	0.0810425745893396	0.0737948860535286	246.23908611594	"Illegal"	"Rep"	"1"
48005	"48"	110.228264364121	47519	0.0561794741215256	0.152587900412942	0.191259505287999	109.167676583381	"Illegal"	"Dem"	"1"
48021	"48"	186.258278145695	69067	0.0563341917591125	0.127536004395087	0.163417654342827	97.926324483873	"Illegal"	"Rep"	"0"
48027	"48"	23.3380759302894	54495	0.0736835518287913	0.110446858163589	0.0907937181859716	338.291426229173	"Illegal"	"Rep"	"0"
48029	"48"	31.57021805605	54149	0.0558460168476648	0.153857861797695	0.16258621150451	1601.37534363749	"Illegal"	"Dem"	"1"
48037	"48"	84.8140452058861	47134	0.048543189539792	0.184880471903136	0.106546275395034	106.580593993636	"Illegal"	"Dem"	"1"
48039	"48"	46.1912479740681	73623	0.0403168724978907	0.0894802758038545	0.122448469706433	271.745397983635	"Illegal"	"Rep"	"1"
48041	"48"	21.608939927147	50110	0.0381880383085638	0.278449507064712	0.123449488228432	387.280691896883	"Illegal"	"Rep"	"1"
48061	"48"	38.6876397708937	38378	0.0501053685570911	0.2287289215541	0.30481763354394	475.740287775919	"Illegal"	"Dem"	"1"
48085	"48"	7.56109062763021	96051	0.0356139718462431	0.063360195832534	0.0610891939674761	1194.78752565925	"Illegal"	"Rep"	"1"
48091	"48"	31.0029452798016	76203	0.0328757554590458	0.0675163584637269	0.0777028340395755	265.182807376649	"Illegal"	"Rep"	"1"
48099	"48"	9.35728799058924	46131	0.0679396984924623	0.14427077476667	0.138301049577609	71.0968389328303	"Illegal"	"Dem"	"1"
48113	"48"	1.89553911407051	59839	0.0425138088027393	0.11578291151765	0.202847650688182	3024.77335893326	"Illegal"	"Dem"	"0"
48121	"48"	8.7304321913152	88117	0.0402487479780536	0.0784936832403519	0.063943390044286	977.764048394491	"Illegal"	"Rep"	"1"
48135	"48"	67.2324887123436	64165	0.0442350987963324	0.0835403374596728	0.240936275520726	180.576944180253	"Illegal"	"Dem"	"1"
48139	"48"	65.7616085958225	77794	0.0325550698922404	0.0622423933682212	0.1110088477134	191.774725102409	"Illegal"	"Rep"	"1"
48141	"48"	28.9024903717836	43958	0.0633614546816324	0.166656291354822	0.219998416624669	829.81606515495	"Illegal"	"Rep"	"1"
48157	"48"	106.110491992212	91931	0.0514723539095669	0.0680948085580436	0.0907803795908307	914.432060701938	"Illegal"	"Rep"	"0"
48167	"48"	37.8821509958862	73840	0.0708923475855043	0.107265804555184	0.109042272823108	891.678835414483	"Illegal"	"Rep"	"1"
48181	"48"	67.915009217037	51158	0.0519574599260173	0.118227994599113	0.101448314718457	143.639161391236	"Illegal"	"Dem"	"1"
48183	"48"	54.160233454857	51361	0.0475933392944511	0.139465077095162	0.144516612540595	452.508493944085	"Illegal"	"Rep"	"1"
48187	"48"	43.3736117389764	74459	0.0306137875428341	0.0619178247369849	0.107077316625577	230.148945407319	"Illegal"	"Rep"	"1"
48201	"48"	62.741839676722	60232	0.0563674885686798	0.135847671838914	0.186807899680775	2755.4606068556	"Illegal"	"Dem"	"0"
48209	"48"	60.6384555609955	65943	0.0624188446812053	0.178612075142966	0.0830442081701175	328.370498658517	"Illegal"	"Dem"	"1"
48213	"48"	185.90748368753	42020	0.0581179359632277	0.209196663740123	0.17109752506971	94.1880819567863	"Illegal"	"Dem"	"1"
48215	"48"	60.2813824068439	39165	0.0634943496565478	0.243343364117464	0.336810465315864	551.237722474967	"Illegal"	"Dem"	"1"
48245	"48"	19.999921568935	47177	0.0394154281410174	0.157908343289943	0.162222091171787	290.973460136954	"Illegal"	"Rep"	"0"
48251	"48"	124.29899452034	62390	0.0361271854602885	0.098836693885994	0.148273473302782	236.425205435749	"Illegal"	"Rep"	"1"
48257	"48"	111.178492015363	66668	0.0686176345652042	0.121892968861545	0.142935531466059	164.757332961529	"Illegal"	"Rep"	"1"
48291	"48"	205.043846946932	51955	0.0420350689172695	0.098932657953055	0.201559559021242	74.520103520364	"Illegal"	"Dem"	"1"
48303	"48"	8.1324086242567	50505	0.0322724379376194	0.196562121098319	0.133074267874417	343.245589072192	"Illegal"	"Rep"	"1"
48309	"48"	26.7078281429811	48713	0.036236718763031	0.20696365751924	0.14556064220775	245.493852883077	"Illegal"	"Rep"	"1"
48329	"48"	57.9448133597562	81210	0.0162151665210215	0.0856474799376479	0.161337503449545	191.699196111072	"Illegal"	"Dem"	"1"
48339	"48"	143.334602529932	76929	0.0366693994809911	0.0777417640957021	0.130378578501457	566.76785053109	"Illegal"	"Dem"	"1"
48347	"48"	91.3089132717505	46459	0.0594395697707331	0.258774604934849	0.176889633858886	69.4210360315352	"Illegal"	"Dem"	"1"
48355	"48"	19.5989123983824	54560	0.0587509496689725	0.144303608986171	0.170207030180493	432.134278069779	"Illegal"	"Rep"	"1"
48361	"48"	83.7601110419758	56420	0.0383976187523254	0.107706763077803	0.131339190676361	250.379633608173	"Illegal"	"Dem"	"1"
48367	"48"	98.2864906663969	72004	0.0484237647772052	0.0707178263264182	0.103060808345318	153.153081265424	"Illegal"	"Dem"	"1"
48375	"48"	28.4166889542658	40797	0.0335303540849583	0.173418115523145	0.199389394039955	131.714371433471	"Illegal"	"Dem"	"1"
48381	"48"	39.626919887577	70108	0.0315015982916186	0.0720729591020418	0.0750690238688992	149.432122925148	"Illegal"	"Dem"	"1"
48397	"48"	12.9151474810495	100595	0.0527827105452072	0.0489249958969309	0.0573208349555269	791.88891193777	"Illegal"	"Dem"	"1"
48409	"48"	61.2919139521325	55018	0.053385240352065	0.144320273809215	0.189100366473578	96.4660044359957	"Illegal"	"Dem"	"1"
48423	"48"	118.147345376834	58226	0.0547154795065659	0.128024627085267	0.138911529464777	249.840253042114	"Illegal"	"Rep"	"1"
48439	"48"	5.22799075844716	66063	0.0467263876644746	0.105640404109552	0.139866505532945	2414.10287530131	"Illegal"	"Rep"	"0"
48441	"48"	25.4286544609125	47508	0.0395768938040726	0.159207056240457	0.111860997685718	150.338105094029	"Illegal"	"Dem"	"1"
48451	"48"	16.9220485832015	52283	0.0478189710382125	0.13454759106933	0.114409130538163	77.653674627769	"Illegal"	"Dem"	"1"
48453	"48"	67.0274027562116	76392	0.0378799023614153	0.115103573104512	0.107119577361566	1259.00575469633	"Illegal"	"Dem"	"1"
48469	"48"	83.6638235453903	50210	0.0657842051958452	0.164572461993482	0.149374149208141	104.335491846491	"Illegal"	"Dem"	"1"
48479	"48"	25.733028886231	46862	0.0526700050677272	0.208553589213208	0.341142068175009	82.07997961229	"Illegal"	"Dem"	"1"
48485	"48"	24.2306760358614	47373	0.0600445148888814	0.191024991556906	0.131349592723646	210.429159724468	"Illegal"	"Dem"	"1"
48491	"48"	34.4085869716738	87454	0.0504737993568454	0.0659735581376128	0.0695675509076223	506.751036367457	"Illegal"	"Dem"	"1"
48497	"48"	161.042383427275	69040	0.0349816904343684	0.0759326348771174	0.110261888504658	75.5257299457867	"Illegal"	"Dem"	"1"
55009	"55"	39.1072906620902	61651	0.0219963162368943	0.0771941083977794	0.0741704693333636	496.852941725231	"Illegal"	"Rep"	"1"
55025	"55"	15.1189975735853	71582	0.0168528681769093	0.130843261069269	0.0491761787152616	453.293515854777	"Illegal"	"Rep"	"1"
55027	"55"	76.2689676369142	63077	0.0321575907590759	0.0792168965184685	0.0871218588479985	100.315413061492	"Illegal"	"Rep"	"1"
55035	"55"	28.6987965637974	60475	0.0394051523069639	0.159187699630488	0.0500214948105386	163.866329327092	"Illegal"	"Dem"	"1"
55039	"55"	21.3455455727398	57415	0.0320321594877765	0.0970164297953835	0.0796137931034483	143.233627340453	"Illegal"	"Rep"	"1"
55055	"55"	39.9393861081418	65651	0.0302173780425809	0.0752759381898455	0.0745731191885038	152.981528574573	"Illegal"	"Rep"	"1"
55059	"55"	24.809498493709	65330	0.0645161290322581	0.124323182673476	0.102919420492844	622.713241065269	"Illegal"	"Dem"	"1"
55063	"55"	12.6871352448617	60905	0.0372066575481412	0.140793571349127	0.0430073565215103	261.704457979314	"Illegal"	"Dem"	"1"
55071	"55"	29.086678301338	54393	0.0134196321471411	0.113829447460875	0.088611777800967	134.181904204223	"Illegal"	"Rep"	"1"
55073	"55"	14.0295950615825	62890	0.0245323898853601	0.0683736214493764	0.0775838123117027	87.6404871916347	"Illegal"	"Rep"	"1"
55079	"55"	8.64795544404615	49636	0.0446204393473595	0.169781593994658	0.11533803485347	3926.55882241321	"Illegal"	"Dem"	"0"
55087	"55"	27.7533157206522	64759	0.0293541691144793	0.069314244508152	0.065933030138794	293.8696206004	"Illegal"	"Rep"	"1"
55089	"55"	13.4609128742414	81104	0.0322929387975735	0.0366679795194959	0.0297427396474226	382.577481417534	"Illegal"	"Rep"	"1"
55097	"55"	49.3360773589693	57452	0.0339499684675215	0.141495221505579	0.0619070415179737	88.5802869597641	"Illegal"	"Dem"	"1"
55101	"55"	10.6824563545355	59759	0.0387787454348437	0.117442608136524	0.0918542020216926	591.073959695382	"Illegal"	"Rep"	"1"
55105	"55"	20.8424007993674	57037	0.0458348075189171	0.10534519778677	0.0873734779042623	227.156024997861	"Illegal"	"Dem"	"1"
55109	"55"	27.8725444288358	81453	0.0208362026561731	0.044551276170205	0.0466330661819384	124.153568320275	"Illegal"	"Rep"	"1"
55117	"55"	36.3774944567627	60896	0.0313103538577367	0.0606732543603786	0.0680881518225118	225.708127387166	"Illegal"	"Rep"	"1"
55127	"55"	8.67737519042018	63800	0.0249556558543053	0.1001010635738	0.0980130166803155	186.733137140126	"Illegal"	"Rep"	"1"
55131	"55"	4.42174614755367	73435	0.0302767125850113	0.0328301423662248	0.0532204446291294	315.09338333883	"Illegal"	"Rep"	"1"
55133	"55"	13.8932994601461	86968	0.0230499125582755	0.0472289499928765	0.0395413901698347	733.230941787689	"Illegal"	"Dem"	"1"
55139	"55"	12.2792655829728	56589	0.0378086504093478	0.110618337725681	0.0789485032212438	393.428311781827	"Illegal"	"Rep"	"1"
55141	"55"	23.2701389364178	55273	0.0261943539630836	0.0981961081388192	0.074176245210728	92.1232522171951	"Illegal"	"Rep"	"1"
56025	"56"	50.5593123933515	64833	0.0260232678630305	0.0730639944187226	0.0640487073671743	14.8140872980482	"Illegal"	"Dem"	"1"
